2024,1,12,19,33,58,17,/mnt/hasanweb/programming/personal/hakthon-backend-nestjs,147ab4e User System uthentication & videoUpload
2024,1,13,9,47,1,23,/mnt/hasanweb/programming/personal/hakthon-backend-nestjs,ff12aea adding users authentication and videoUpload
2024,1,13,9,47,50,13,/mnt/hasanweb/programming/personal/hakthon-backend-nestjs,ff12aea adding users authentication and videoUpload
2024,1,13,10,12,59,307,/mnt/hasanweb/programming/personal/hakthon-backend-nestjs,53317fd Storing data in video table
2024,1,13,10,35,45,615,/mnt/hasanweb/programming/personal/hakthon-backend-nestjs,4152d4a delete unused code
2024,1,13,10,39,16,9,/mnt/hasanweb/programming/personal/hakthon-backend-nestjs,4152d4a delete unused code
2024,1,13,15,57,19,140,/mnt/hasanweb/programming/personal/hakthon-backend-nestjs,4152d4a delete unused code
2024,1,13,16,19,32,23,/mnt/hasanweb/programming/personal/hakthon-backend-nestjs,4152d4a delete unused code
2024,1,13,17,24,3,131,/mnt/hasanweb/programming/personal/hakthon-backend-nestjs,8ab204f Adding absolute path to db
2024,1,13,18,9,7,587,/mnt/hasanweb/programming/personal/hakthon-backend-nestjs,8ab204f Adding absolute path to db
2024,1,16,14,4,34,2,/mnt/hasanweb/programming/personal/hakthon-backend-nestjs,9c64b7f done
2024,1,16,20,53,54,83,/mnt/hasanweb/programming/personal/hakthon-backend-nestjs,9c64b7f done
2024,1,27,16,18,19,24,/mnt/hasanweb/programming/personal/hakthon-backend-nestjs,9c64b7f done
