2024,1,12,11,1,11,14,/mnt/hasanweb/programming/personal/graduationPrj/action_detection_vue/v3,da6f22d Rmove some file from git
2024,1,15,14,32,46,30,/mnt/hasanweb/programming/personal/graduationPrj/action_detection_vue/v3,da6f22d Rmove some file from git
2024,2,14,14,57,17,64,/mnt/hasanweb/programming/personal/graduationPrj/action_detection_vue/v3,da6f22d Rmove some file from git
2024,2,21,13,46,42,48,/mnt/hasanweb/programming/personal/graduationPrj/action_detection_vue/v3,da6f22d Rmove some file from git
2024,2,21,19,11,56,544,/mnt/hasanweb/programming/personal/graduationPrj/action_detection_vue/v3,da6f22d Rmove some file from git
2024,3,1,11,44,46,0,/mnt/hasanweb/programming/personal/graduationPrj/action_detection_vue/v3,da6f22d Rmove some file from git
2024,3,21,17,33,15,91,/mnt/hasanweb/programming/personal/graduationPrj/action_detection_vue/v3,da6f22d Rmove some file from git
2024,3,21,17,33,59,1,/mnt/hasanweb/programming/personal/graduationPrj/action_detection_vue/v3,da6f22d Rmove some file from git
2024,3,21,17,34,29,1,/mnt/hasanweb/programming/personal/graduationPrj/action_detection_vue/v3,da6f22d Rmove some file from git
2024,3,21,17,37,21,1,/mnt/hasanweb/programming/personal/graduationPrj/action_detection_vue/v3,da6f22d Rmove some file from git
2024,3,21,17,37,26,1,/mnt/hasanweb/programming/personal/graduationPrj/action_detection_vue/v3,da6f22d Rmove some file from git
2024,3,21,17,37,29,1,/mnt/hasanweb/programming/personal/graduationPrj/action_detection_vue/v3,da6f22d Rmove some file from git
2024,3,21,17,37,40,0,/mnt/hasanweb/programming/personal/graduationPrj/action_detection_vue/v3,da6f22d Rmove some file from git
2024,3,22,16,5,36,5,/mnt/hasanweb/programming/personal/graduationPrj/action_detection_vue/v3,da6f22d Rmove some file from git
